{
    "colors":[],
    "uvs":[[0.401222,0.364318,0.348292,0.364318,0.348292,0.43639,0.401222,0.43639,0.404932,0.43614,0.457862,0.43614,0.457862,0.364068,0.404932,0.364068,0.287892,0.437051,0.340822,0.437051,0.340822,0.36498,0.287892,0.36498,0.28077,0.362873,0.22784,0.362873,0.22784,0.434944,0.28077,0.434944,0.465126,0.385145,0.465126,0.407763,0.997254,0.407763,0.997254,0.385145,7.6e-05,0.825168,7.6e-05,0.80255,0.999599,0.802549,0.999599,0.825168,0.463835,0.437428,0.463835,0.41481,0.995962,0.41481,0.995962,0.437428,0.999972,0.85006,0.999972,0.827442,0.000449,0.827442,0.000449,0.85006,0.999972,0.234373,0.999972,0.958938,0.000449,0.958938,0.000449,0.234373,0.355441,0.548645,0.803069,0.548645,0.803069,0.619219,0.355441,0.619219,0.355441,0.697923,0.803069,0.697923,0.803069,0.627349,0.355441,0.627349,0.803069,0.619218,0.492594,0.325047,0.940222,0.325047,0.940222,0.254474,0.492594,0.254474,0.492594,0.384291,0.940222,0.384291,0.940222,0.313718,0.492594,0.313718,0.086655,0.442184,0.086655,0.745886,0.995569,0.745886,0.995569,0.442184,0.99557,0.745886,0.086656,0.745886,0.062608,0.444506,0.079219,0.444506,0.079219,0.748209,0.062608,0.748209,0.087869,0.74953,0.087869,0.772148,0.996784,0.772148,0.996783,0.74953,0.088805,0.798385,0.088805,0.775767,0.997719,0.775767,0.997719,0.798384,0,1,0,0,1,0,1,1]],
    "vertices":[0.324892,0.000146,0.824153,0.244892,0.000146,0.824153,0.244892,0.000146,0.744153,0.324892,0.000146,0.744153,0.244892,0.000146,0.119635,0.324892,0.000146,0.119635,0.324892,0.000146,0.199635,0.244892,0.000146,0.199635,1.56489,0.000146,0.119635,1.64489,0.000146,0.119635,1.64489,0.000146,0.199635,1.56489,0.000146,0.199635,1.64489,0.000146,0.824153,1.56489,0.000146,0.824153,1.56489,0.000146,0.744153,1.64489,0.000146,0.744153,1.70025,0.750146,0.874032,1.70025,0.775252,0.874032,1.70025,0.775252,0.069757,1.70025,0.750146,0.069757,0.189536,0.775252,0.069756,0.189536,0.750146,0.069756,0.189536,0.775252,0.874031,0.189536,0.750146,0.874031,0.324892,0.662642,0.824153,0.244892,0.662642,0.824153,0.244892,0.662642,0.744153,0.324892,0.662642,0.744153,0.324892,0.662642,0.199635,0.244892,0.662642,0.199635,0.244892,0.662642,0.119635,0.324892,0.662642,0.119635,1.64489,0.662642,0.119635,1.64489,0.662642,0.199635,1.56489,0.662642,0.119635,1.56489,0.662642,0.199635,1.64489,0.662642,0.824153,1.64489,0.662642,0.744153,1.56489,0.662642,0.744153,1.56489,0.662642,0.824153,0.257909,0.365415,0.726112,0.257909,0.702528,0.726112,1.63167,0.702528,0.726112,1.63167,0.365415,0.726112,0.257908,0.365415,0.701005,1.63167,0.365415,0.701005,1.63167,0.702528,0.701006,0.257909,0.702528,0.701006,1.64489,0.700146,0.824153,0.244892,0.700146,0.824153,0.244892,0.700146,0.119635,1.64489,0.700146,0.119635,1.64489,0.750146,0.824153,0.244891,0.750146,0.824153,0.244892,0.750146,0.119635,1.64489,0.750146,0.119635,0.324892,0.665576,0.824153,0.324892,0.700146,0.824153,0.244892,0.665576,0.824153,0.244892,0.700146,0.744153,0.244892,0.665576,0.744153,0.324892,0.700146,0.744153,0.324892,0.665576,0.744153,0.324892,0.665576,0.199635,0.324892,0.700146,0.199635,0.244892,0.700146,0.199635,0.244892,0.665576,0.199635,0.244892,0.665576,0.119635,0.324892,0.700146,0.119635,0.324892,0.665576,0.119635,1.64489,0.665576,0.119635,1.64489,0.700146,0.199635,1.64489,0.665576,0.199635,1.56489,0.665576,0.119635,1.56489,0.700146,0.119635,1.56489,0.665576,0.199635,1.56489,0.700146,0.199635,1.64489,0.665576,0.824153,1.64489,0.665576,0.744153,1.64489,0.700146,0.744153,1.56489,0.665576,0.744153,1.56489,0.700146,0.744153,1.56489,0.665576,0.824153,1.56489,0.700146,0.824153,1.56931,0.665576,0.819735,1.64047,0.665576,0.819735,1.56931,0.665576,0.748571,1.64047,0.665576,0.748571,1.56931,0.665576,0.195217,1.64047,0.665576,0.195217,1.56931,0.665576,0.124053,1.64047,0.665576,0.124053,0.320474,0.665576,0.195217,0.320474,0.665576,0.124053,0.249309,0.665576,0.124053,0.249309,0.665576,0.195217,0.320474,0.665576,0.819735,0.320474,0.665576,0.748571,0.249309,0.665576,0.748571,0.249309,0.665576,0.819735,1.64047,0.662642,0.819735,1.56931,0.662642,0.819735,1.56931,0.662642,0.748571,1.64047,0.662642,0.748571,1.64047,0.662642,0.195217,1.56931,0.662642,0.195217,1.56931,0.662642,0.124053,1.64047,0.662642,0.124053,0.320474,0.662642,0.124053,0.320474,0.662642,0.195217,0.249309,0.662642,0.124053,0.249309,0.662642,0.195217,0.320474,0.662642,0.748571,0.320474,0.662642,0.819735,0.249309,0.662642,0.748571,0.249309,0.662642,0.819735,1.64489,0.700146,0.824153,0.244892,0.700146,0.824153,0.244892,0.700146,0.119635,1.64489,0.700146,0.119635],